accuracy,precision,recall,f1_score
0.5194486147127064,0.5643976762030034,0.6266277230132652,0.5938869665513264
