accuracy,precision,recall,f1_score
0.5476320458577862,0.5781034821955539,0.7152245345016429,0.639395093292716
