accuracy,precision,recall,f1
51.528592875665346,0.6096888538794801,0.37677984665936476,0.4657389996239188
