accuracy,precision,recall,f1_score
0.569332605431964,0.5930482327670377,0.7391992211269319,0.6581071564006717
